<?xml version="1.0" encoding="UTF-8"?>
<project-private xmlns="http://www.netbeans.org/ns/project-private/1">
    <editor-bookmarks xmlns="http://www.netbeans.org/ns/editor-bookmarks/2" lastBookmarkId="0"/>
    <open-files xmlns="http://www.netbeans.org/ns/projectui-open-files/2">
        <group>
            <file>file:/S:/Git/trabalhos_academicos/TOPICOS%20II/TP3/TP03/src/DAO/ProcessoDAO.java</file>
            <file>file:/S:/Git/trabalhos_academicos/TOPICOS%20II/TP3/TP03/src/controle/ControlaComandosSistema.java</file>
            <file>file:/S:/Git/trabalhos_academicos/TOPICOS%20II/TP3/TP03/src/modelo/Processo.java</file>
            <file>file:/S:/Git/trabalhos_academicos/TOPICOS%20II/TP3/TP03/src/controle/ControlaUsuario.java</file>
            <file>file:/S:/Git/trabalhos_academicos/TOPICOS%20II/TP3/TP03/src/DAO/Conexao.java</file>
            <file>file:/S:/Git/trabalhos_academicos/TOPICOS%20II/TP3/TP03/src/modelo/ClasseSeguranca.java</file>
            <file>file:/S:/Git/trabalhos_academicos/TOPICOS%20II/TP3/TP03/src/utilitarios/Arquivo.java</file>
            <file>file:/S:/Git/trabalhos_academicos/TOPICOS%20II/TP3/TP03/src/DAO/UsuarioDAO.java</file>
            <file>file:/S:/Git/trabalhos_academicos/TOPICOS%20II/TP3/TP03/src/controle/ControlaComandos.java</file>
            <file>file:/S:/Git/trabalhos_academicos/TOPICOS%20II/TP3/TP03/src/modelo/Usuario.java</file>
            <file>file:/S:/Git/trabalhos_academicos/TOPICOS%20II/TP3/TP03/src/controle/ControlaProcesso.java</file>
            <file>file:/S:/Git/trabalhos_academicos/TOPICOS%20II/TP3/TP03/src/modelo/TModo.java</file>
            <file>file:/S:/Git/trabalhos_academicos/TOPICOS%20II/TP3/TP03/src/visao/ModoTexto.java</file>
        </group>
    </open-files>
</project-private>
